<?xml version="1.0" encoding="UTF-8"?>
<config>
	<tabs>
		<webonise translate="label">
			<label>Webonise</label>
			<sort_order>100</sort_order>
		</webonise>
	</tabs>
	<sections>
		<storelocator translate="label" module="webonise_storeLocator">
			<class>separator-top</class>
			<label>Store Locator</label>
			<tab>webonise</tab>
			<sort_order>180</sort_order>
			<show_in_default>1</show_in_default>
			<show_in_website>1</show_in_website>
			<show_in_store>1</show_in_store>
			<groups>
				<onload>
					<label>Store Map Settings</label>
					<frontend_type>text</frontend_type>
					<sort_order>20</sort_order>
					<show_in_default>1</show_in_default>
					<show_in_website>0</show_in_website>
					<show_in_store>1</show_in_store>
					<fields>
						<active translate="label">
							<label>Enable/Disable</label>
							<comment><![CDATA[Enable/Disable module.]]></comment>
							<frontend_type>select</frontend_type>
							<sort_order>10</sort_order>
							<source_model>adminhtml/system_config_source_enabledisable</source_model>
							<show_in_default>1</show_in_default>
							<show_in_website>1</show_in_website>
							<show_in_store>1</show_in_store>
						</active>
						<api_key translate="label comment">
							<label>API key: </label>
							<comment><![CDATA[Input Google API key]]></comment>
							<frontend_type>text</frontend_type>
							<sort_order>20</sort_order>
							<show_in_default>1</show_in_default>
							<show_in_website>1</show_in_website>
							<show_in_store>1</show_in_store>
						</api_key>
						<coordinates translate="label comment">
							<label>Coordinates: </label>
							<comment><![CDATA[Set map center coordinates. You can copy them from the google map link. Fox example: 40.5899796,-73.8820439 ]]></comment>
							<frontend_type>text</frontend_type>
							<sort_order>30</sort_order>
							<show_in_default>1</show_in_default>
							<show_in_website>1</show_in_website>
							<show_in_store>1</show_in_store>
						</coordinates>
						<sensor translate="label comment">
							<label>Sensor: </label>
							<comment><![CDATA[Sensor behaviour]]></comment>
							<frontend_type>select</frontend_type>
							<source_model>webonise_storeLocator/source_boolean_values</source_model>
							<sort_order>40</sort_order>
							<show_in_default>1</show_in_default>
							<show_in_website>0</show_in_website>
							<show_in_store>0</show_in_store>
						</sensor>
						<zoom translate="label comment">
							<label>Zoom: </label>
							<comment><![CDATA[Specify zoom level. 8 is a maximum zoom out. ]]></comment>
							<frontend_type>text</frontend_type>
							<sort_order>50</sort_order>
							<show_in_default>1</show_in_default>
							<show_in_website>1</show_in_website>
							<show_in_store>1</show_in_store>
						</zoom>
						<width translate="label comment">
							<label>Map width: </label>
							<comment><![CDATA[Set map width]]></comment>
							<frontend_type>text</frontend_type>
							<sort_order>60</sort_order>
							<show_in_default>1</show_in_default>
							<show_in_website>1</show_in_website>
							<show_in_store>1</show_in_store>
						</width>
						<height translate="label comment">
							<label>Map height: </label>
							<comment><![CDATA[Set map height]]></comment>
							<frontend_type>text</frontend_type>
							<sort_order>70</sort_order>
							<show_in_default>1</show_in_default>
							<show_in_website>1</show_in_website>
							<show_in_store>1</show_in_store>
						</height>
						<marker_coordinates translate="label comment">
							<label>Marker coordinates: </label>
							<comment><![CDATA[Set map center coordinates. You can copy them from the google map link. Fox example: 40.5899796,-73.8820439 ]]></comment>
							<frontend_type>text</frontend_type>
							<sort_order>80</sort_order>
							<show_in_default>1</show_in_default>
							<show_in_website>1</show_in_website>
							<show_in_store>1</show_in_store>
						</marker_coordinates>
						<infowindow translate="label">
						    <label>Description</label>
						    <comment><![CDATA[Add content to infowindow displayed on marker click.]]></comment>
						    <frontend_type>textarea</frontend_type>
						    <sort_order>90</sort_order>
						    <show_in_default>1</show_in_default>
						    <show_in_website>1</show_in_website>
						    <show_in_store>1</show_in_store>
						</infowindow>
					</fields>
				</onload>
			</groups>
		</storelocator>
	</sections>
</config>